Date,Pages concernées
2026-02-03,0
2026-02-04,0
2026-02-05,0
2026-02-06,0
2026-02-07,0
2026-02-08,8
2026-02-09,8
2026-02-10,8
2026-02-11,158
2026-02-12,158
2026-02-13,158
2026-02-14,158
2026-02-15,852
2026-02-16,852
2026-02-17,852
2026-02-18,963
2026-02-19,963
2026-02-20,963
2026-02-21,963
2026-02-22,1004
2026-02-23,1004
2026-02-24,1004
2026-02-25,1073
2026-02-26,1073
2026-02-27,1073
2026-02-28,1073
2026-03-01,1073
2026-03-02,1073
2026-03-03,1073
2026-03-04,1123
2026-03-05,1123
2026-03-06,1123
2026-03-07,1123
2026-03-08,1177
2026-03-09,1177
2026-03-10,1177